{
  "n_layers": 33,
  "pre_by_layer": [
    0.48763301696865113,
    0.49784296807592754,
    0.4400345125107852,
    0.5102099511072764,
    0.5300546448087431,
    0.5300546448087431,
    0.5524877768190969,
    0.6361806154731091,
    0.6577509347138338,
    0.6241012366983031,
    0.6318665516249641,
    0.6494104112740869,
    0.6847857348288755,
    0.731377624388841,
    0.724762726488352,
    0.6925510497555364,
    0.6721311475409836,
    0.6980155306298533,
    0.6916882369859074,
    0.6957146965775093,
    0.6928386540120794,
    0.6804716709807306,
    0.6738567730802416,
    0.6807592752372735,
    0.6775956284153005,
    0.6862237561115905,
    0.6856485475985045,
    0.6911130284728213,
    0.6957146965775093,
    0.6793212539545586,
    0.6718435432844407,
    0.6580385389703768,
    0.640207075064711
  ],
  "post_by_layer": [
    0.4554213402358355,
    0.547598504457866,
    0.6022433132010354,
    0.6310037388553351,
    0.6123094621800403,
    0.6065573770491802,
    0.6312913431118781,
    0.5861374748346275,
    0.5855622663215416,
    0.6459591601955709,
    0.6419327006039689,
    0.7023295944779983,
    0.6885245901639344,
    0.7437446074201899,
    0.7020419902214553,
    0.7008915731952833,
    0.6724187517975266,
    0.7080816796088581,
    0.723037100949094,
    0.7483462755248776,
    0.7230371009490941,
    0.7411561691113029,
    0.7273511647972389,
    0.7138337647397182,
    0.6954270923209663,
    0.9306873741731377,
    0.9419039401783146,
    0.9344262295081968,
    0.9252228932988209,
    0.9551337359792924,
    0.9591601955708945,
    0.9565717572620075,
    0.9620362381363243
  ],
  "c_sweep": {
    "0.003": 0.738567730802416,
    "0.01": 0.731952832901927,
    "0.03": 0.730802415875755,
    "0.1": 0.731377624388841,
    "0.3": 0.728501581823411,
    "1.0": 0.7285015818234111
  },
  "pooled_auc": 0.8822090729783036,
  "per_hack_type": {
    "always_equal": NaN,
    "conftest": 0.7105263157894737,
    "exit": 0.7503654970760233,
    "exit+always_equal": 0.625
  },
  "summary": {
    "best_pre_layer": 13,
    "best_pre_auc": 0.731377624388841,
    "best_post_layer": 32,
    "best_post_auc": 0.9620362381363243,
    "best_C": 0.003,
    "pre_tuned_auc": 0.738567730802416,
    "pooled_auc": 0.8822090729783036
  }
}