{
  "auc_silent": 0.48647041332143925,
  "recall_at_fpr10": 0.4067796610169492,
  "raw_recall_silent_p50": 0.0
}