{
  "auc_silent": 0.5476190476190477,
  "recall_at_fpr10": 0.14285714285714285,
  "raw_recall_silent_p50": 0.14285714285714285
}