{
  "auc_silent": 0.4730336654589372,
  "recall_at_fpr10": 0.5036231884057971,
  "raw_recall_silent_p50": 0.0036231884057971015
}