{
  "model": "gpt-4.1",
  "fewshot": 0,
  "auc_silent": 0.509963768115942,
  "raw_recall_p50": 0.0018115942028985507
}