{
  "model": "gpt-4.1-mini",
  "fewshot": 6,
  "auc_silent": 0.5141242937853108,
  "raw_recall_p50": 0.02824858757062147
}