{
  "n": 600,
  "n_silent": 552,
  "n_nohack": 48,
  "S1_probe_pre_auc": 0.8071029589371982,
  "S1_ci": [
    0.7442461353972528,
    0.8671567354080734
  ],
  "S2_prompt_end_auc": 0.642795138888889,
  "S3_within_problem_acc": 0.6891891891891891,
  "S3_n_pairs": 148,
  "S4_regex_recall": 0.0,
  "S4_tfidf_auc": 0.6598354468599034,
  "S5_post_auc": 0.9979242149758454
}