{
  "think_end": {
    "layer": 17,
    "indist_b00": 0.9459876543209877,
    "indist_b002": 0.7273511647972389,
    "transfer_0to2": 0.4316939890710383,
    "transfer_2to0": 0.5622427983539094,
    "cos_dir": 0.0021868576295673847,
    "retention": -0.009004697787946296
  },
  "code_end": {
    "layer": 30,
    "indist_b00": 0.9753086419753086,
    "indist_b002": 0.9591601955708945,
    "transfer_0to2": 0.5631291343111877,
    "transfer_2to0": 0.4017489711934156,
    "cos_dir": 0.028531309217214584,
    "retention": -0.03758487504797083
  }
}